"","nsum","nGene"
"1",12457,346
"2",11421,405
"3",10562,352
"4",13209,1068
"5",10842,595
"6",10619,410
"7",10652,428
"8",10607,352
"9",11351,620
"10",10450,459
"11",10123,423
"12",9704,370
"13",9885,402
"14",9623,331
"15",9039,330
"16",8588,446
"17",10037,769
"18",9022,373
"19",8758,309
"20",8649,429
"21",8331,406
"22",8321,318
"23",8614,576
"24",8741,452
"25",8204,507
"26",7834,438
"27",8158,403
"28",7994,649
"29",7782,505
"30",7600,425
"31",7257,458
"32",7641,527
"33",8006,552
"34",6907,316
"35",6857,355
"36",6980,504
"37",6622,435
"38",6477,443
"39",6311,355
"40",8918,1370
"41",6548,453
"42",6594,481
"43",7904,942
"44",6679,614
"45",5796,327
"46",5818,475
"47",6079,615
"48",5421,317
"49",5149,309
"50",5913,551
"51",5870,581
"52",5001,452
"53",5371,574
"54",4563,423
"55",4491,332
"56",4695,426
"57",4746,567
"58",4646,556
"59",5040,671
"60",3972,304
"61",3940,395
"62",4117,378
"63",8135,2062
"64",9425,2474
"65",4760,728
"66",9773,2498
"67",7206,1733
"68",3456,401
"69",4154,638
"70",3282,343
"71",3668,324
"72",3712,448
"73",4144,723
"74",3182,390
"75",3570,336
"76",3607,382
"77",3928,517
"78",3262,396
"79",3552,435
"80",3272,324
"81",3386,376
"82",4343,800
"83",3265,377
"84",3312,393
"85",3124,313
"86",7024,1846
"87",3253,370
"88",6408,1462
"89",3326,378
"90",5096,1162
"91",3253,386
"92",3452,415
"93",3035,321
"94",2920,309
"95",3293,449
"96",3351,487
"97",3485,619
"98",2965,369
"99",3045,425
"100",3011,413
"101",2671,353
"102",6538,1643
"103",3120,501
"104",2988,407
"105",3155,573
"106",2752,323
"107",2541,324
"108",2908,385
"109",3652,809
"110",6005,1621
"111",3965,954
"112",7219,1926
"113",3494,700
"114",3080,507
"115",2832,610
"116",2922,419
"117",3669,552
"118",2856,352
"119",2682,472
"120",3229,692
"121",3712,502
"122",2788,445
"123",2991,421
"124",4255,998
"125",2966,458
"126",9416,2366
"127",2770,455
"128",2641,359
"129",2818,421
"130",4454,1059
"131",2717,378
"132",2799,399
"133",2492,321
"134",2713,432
"135",2580,332
"136",2588,398
"137",3178,551
"138",2364,336
"139",3013,568
"140",2851,404
"141",2714,452
"142",7348,1825
"143",3276,690
"144",2486,364
"145",2620,352
"146",2784,401
"147",2975,639
"148",2935,515
"149",2702,495
"150",2580,338
"151",2746,517
"152",2684,484
"153",3021,603
"154",2894,553
"155",2660,442
"156",2474,370
"157",3583,822
"158",2681,407
"159",2640,411
"160",2705,496
"161",2222,325
"162",2291,313
"163",2353,335
"164",2619,372
"165",2737,629
"166",2805,556
"167",2686,436
"168",2360,322
"169",2261,305
"170",2263,317
"171",2230,328
"172",2516,347
"173",3406,768
"174",9233,2270
"175",2443,401
"176",2951,710
"177",2590,486
"178",6262,1506
"179",2443,378
"180",2760,608
"181",7634,2119
"182",2536,451
"183",2731,619
"184",2609,459
"185",2562,418
"186",3645,765
"187",9429,2429
"188",2417,416
"189",2642,473
"190",3191,696
"191",2272,377
"192",2898,648
"193",2788,552
"194",2309,322
"195",2356,368
"196",3276,844
"197",2867,597
"198",3586,873
"199",2429,421
"200",2293,370
"201",2330,313
"202",2270,381
"203",2566,453
"204",6597,1546
"205",2410,344
"206",2807,583
"207",2223,327
"208",2107,319
"209",2650,464
"210",2324,425
"211",2201,326
"212",2373,460
"213",9243,2180
"214",2307,411
"215",2271,315
"216",2768,665
"217",2644,522
"218",2678,510
"219",2353,377
"220",2443,483
"221",5175,1512
"222",2363,417
"223",2153,324
"224",2514,451
"225",2073,311
"226",3171,458
"227",2863,736
"228",6789,1886
"229",2296,318
"230",2317,373
"231",2293,401
"232",2846,543
"233",2984,728
"234",2088,303
"235",2017,346
"236",3691,1161
"237",2229,315
"238",2681,599
"239",2158,365
"240",2627,457
"241",2420,409
"242",2350,360
"243",5762,1781
"244",7829,2313
"245",2548,550
"246",2127,338
"247",2162,335
"248",2126,393
"249",2631,644
"250",9836,2502
"251",2719,710
"252",2336,405
"253",2649,718
"254",2205,424
"255",2336,535
"256",2940,742
"257",7507,2337
"258",2810,742
"259",3321,835
"260",2259,387
"261",2353,564
"262",2879,773
"263",2259,393
"264",2454,453
"265",2016,322
"266",2186,391
"267",1983,304
"268",9114,2336
"269",2294,378
"270",2410,539
"271",2456,644
"272",2062,426
"273",2354,450
"274",2243,484
"275",2138,435
"276",2408,500
"277",2894,765
"278",3101,762
"279",2862,808
"280",2923,930
"281",2127,385
"282",2269,511
"283",2238,424
"284",3353,938
"285",2133,353
"286",1933,380
"287",2094,357
"288",2341,550
"289",2161,402
"290",2080,374
"291",4852,1519
"292",2297,469
"293",2056,348
"294",1983,347
"295",2235,441
"296",1919,312
"297",2058,387
"298",2030,326
"299",2642,554
"300",1984,329
"301",2447,470
"302",2325,435
"303",3831,1163
"304",2449,431
"305",2558,637
"306",2408,642
"307",3857,1208
"308",2702,661
"309",2075,381
"310",2546,577
"311",2265,412
"312",2055,399
"313",3429,868
"314",1954,348
"315",2712,592
"316",2021,319
"317",1960,324
"318",2619,683
"319",1901,327
"320",2371,556
"321",1982,310
"322",2018,380
"323",2238,500
"324",1930,349
"325",1994,343
"326",7782,2184
"327",2254,374
"328",2055,446
"329",2164,475
"330",2497,650
"331",2497,452
"332",2637,639
"333",5812,1918
"334",2839,722
"335",2335,518
"336",2102,378
"337",2166,390
"338",2890,755
"339",2072,455
"340",2331,353
"341",1864,324
"342",2889,759
"343",2681,626
"344",3122,743
"345",3914,1112
"346",2094,418
"347",9064,2677
"348",2020,390
"349",2038,465
"350",2837,815
"351",2691,620
"352",2067,462
"353",2199,456
"354",2619,641
"355",2002,336
"356",2409,686
"357",1706,323
"358",2414,437
"359",6089,2102
"360",2047,485
"361",3052,734
"362",2006,428
"363",2238,571
"364",1844,314
"365",2570,729
"366",3028,915
"367",1806,388
"368",2783,724
"369",1625,303
"370",2012,438
"371",2228,609
"372",2983,823
"373",2384,554
"374",1760,310
"375",2376,678
"376",1764,304
"377",2435,648
"378",1819,326
"379",2136,514
"380",2301,525
"381",6839,2182
"382",6539,2119
"383",2554,701
"384",1815,396
"385",2135,499
"386",1726,304
"387",2656,785
"388",6836,2319
"389",2182,447
"390",1744,328
"391",7566,1696
"392",2344,587
"393",2178,562
"394",1683,303
"395",1892,430
"396",2384,597
"397",1890,415
"398",1721,306
"399",1728,353
"400",1666,313
"401",1841,388
"402",1784,342
"403",1658,312
"404",2222,578
"405",1722,421
"406",2285,617
"407",1803,326
"408",1999,416
"409",8121,2199
"410",1791,311
"411",1659,372
"412",1748,375
"413",2041,527
"414",1749,331
"415",2236,615
"416",1847,357
"417",1839,362
"418",1821,330
"419",1664,329
"420",1884,405
"421",2017,535
"422",2276,608
"423",8625,2669
"424",1813,379
"425",1904,474
"426",1642,318
"427",2513,681
"428",8995,2311
"429",1791,361
"430",2092,533
"431",1770,371
"432",1725,349
"433",3105,1005
"434",1700,338
"435",2183,502
"436",2227,478
"437",1746,343
"438",2624,701
"439",2599,725
"440",2107,526
"441",1803,344
"442",1813,430
"443",1753,463
"444",1618,337
"445",2632,571
"446",1874,416
"447",1600,339
"448",1946,417
"449",1725,398
"450",1614,316
"451",5238,1716
"452",1739,381
"453",2224,479
"454",1761,323
"455",1958,438
"456",1790,465
"457",1705,360
"458",1894,442
"459",2687,573
"460",4767,1502
"461",2119,438
"462",2128,594
"463",2144,592
"464",1935,501
"465",1699,434
"466",1781,376
"467",2052,529
"468",2073,387
"469",1678,353
"470",1801,453
"471",2139,635
"472",1729,333
"473",2601,687
"474",1732,351
"475",1693,321
"476",2119,454
"477",2021,590
"478",1816,412
"479",1584,319
"480",1647,374
"481",1530,318
"482",3300,939
"483",1634,386
"484",1782,338
"485",1875,382
"486",2062,539
"487",2470,693
"488",2189,486
"489",1923,586
"490",2006,463
"491",1702,363
"492",2582,790
"493",2239,564
"494",2103,530
"495",1603,326
"496",1603,352
"497",1616,328
"498",1678,310
"499",1603,358
"500",2300,742
"501",1629,366
"502",1770,435
"503",2439,701
"504",1583,367
"505",1503,304
"506",1711,471
"507",1724,387
"508",1526,336
"509",1496,353
"510",1645,374
"511",1978,467
"512",1642,398
"513",1501,323
"514",1736,405
"515",1963,624
"516",2129,615
"517",2011,518
"518",1921,605
"519",2778,676
"520",1766,469
"521",1576,317
"522",2988,1047
"523",2039,625
"524",1558,326
"525",1525,397
"526",1442,304
"527",2143,628
"528",1537,315
"529",1551,330
"530",2315,871
"531",2995,967
"532",1963,481
"533",1735,458
"534",2272,728
"535",1966,563
"536",1666,402
"537",1461,303
"538",1591,307
"539",2172,625
"540",2889,946
"541",1483,333
"542",2073,690
"543",3549,1042
"544",2258,678
"545",1602,355
"546",1992,575
"547",1581,436
"548",1521,311
"549",2194,682
"550",3640,1188
"551",1619,389
"552",1975,607
"553",3107,635
"554",1771,510
"555",1613,416
"556",1779,454
"557",1984,612
"558",1681,454
"559",1503,336
"560",1444,322
"561",1515,311
"562",1777,470
"563",3001,970
"564",1840,409
"565",1731,352
"566",1490,346
"567",1453,315
"568",1466,329
"569",1725,510
"570",1490,321
"571",1557,365
"572",1365,310
"573",3028,793
"574",1581,407
"575",1576,385
"576",2060,630
"577",1517,334
"578",1931,507
"579",3903,1107
"580",1485,312
"581",1397,306
"582",5345,1651
"583",2203,715
"584",1686,435
"585",1468,387
"586",1781,490
"587",1900,582
"588",1616,426
"589",1908,500
"590",1972,588
"591",2063,585
"592",1408,353
"593",1467,342
"594",1601,422
"595",1412,342
"596",1591,390
"597",1661,443
"598",1828,567
"599",1525,369
"600",1604,410
"601",1851,562
"602",2130,658
"603",1982,569
"604",1489,306
"605",1460,329
"606",1381,325
"607",1463,378
"608",1656,456
"609",1724,457
"610",2220,735
"611",1457,362
"612",1564,439
"613",2761,886
"614",2204,576
"615",1408,313
"616",1724,463
"617",1533,353
"618",1663,476
"619",1626,412
"620",1498,357
"621",1451,394
"622",2285,834
"623",1414,318
"624",1546,394
"625",1609,389
"626",1457,311
"627",2151,658
"628",1544,409
"629",1912,534
"630",1563,371
"631",1524,405
"632",1395,345
"633",1690,467
"634",2756,837
"635",6729,2105
"636",2633,803
"637",1584,480
"638",1759,436
"639",1697,483
"640",1641,400
"641",6810,1894
"642",1507,332
"643",2131,721
"644",1743,563
"645",7783,2489
"646",1466,341
"647",2684,860
"648",1846,523
"649",1429,328
"650",1972,630
"651",1656,437
"652",4250,1366
"653",1545,388
"654",9814,2885
"655",2291,702
"656",5116,1493
"657",1583,432
"658",2052,629
"659",2116,688
"660",1530,353
"661",1601,461
"662",2105,597
"663",4939,1844
"664",1771,533
"665",2046,655
"666",1512,304
"667",1778,555
"668",1420,317
"669",1581,427
"670",1567,394
"671",1628,437
"672",1431,327
"673",1961,559
"674",1355,342
"675",1962,510
"676",1500,383
"677",1683,393
"678",1754,440
"679",1574,435
"680",1990,552
"681",1308,313
"682",1603,473
"683",2087,605
"684",4062,1175
"685",2236,712
"686",2006,492
"687",1332,305
"688",2168,834
"689",2143,639
"690",1493,365
"691",1945,674
"692",1691,542
"693",1541,336
"694",1558,426
"695",1468,362
"696",1623,406
"697",8231,2695
"698",1686,517
"699",2937,751
"700",1737,475
"701",1921,554
"702",5964,1713
"703",1330,309
"704",1716,552
"705",1583,404
"706",1584,456
"707",2135,665
"708",2007,574
"709",6291,1996
"710",1941,619
"711",1620,387
"712",1951,599
"713",1827,477
"714",2162,606
"715",1483,409
"716",2815,598
"717",1432,381
"718",1331,324
"719",1497,430
"720",1630,467
"721",1741,521
"722",4293,1645
"723",1357,366
"724",1345,376
"725",1921,533
"726",1701,501
"727",1466,383
"728",1773,499
"729",1724,544
"730",1435,388
"731",3741,997
"732",1317,310
"733",1823,572
"734",1922,585
"735",4094,1583
"736",1804,592
"737",1453,385
"738",1330,307
"739",1503,353
"740",1877,599
"741",1405,374
"742",1571,400
"743",1775,619
"744",1921,663
"745",1413,371
"746",1930,550
"747",2163,691
"748",1465,338
"749",2599,886
"750",1466,417
"751",1456,387
"752",1445,317
"753",1781,556
"754",1344,333
"755",1358,347
"756",1934,630
"757",1344,327
"758",2003,737
"759",3197,965
"760",1388,365
"761",1701,486
"762",1459,394
"763",1491,422
"764",1286,354
"765",2170,698
"766",1985,527
"767",2349,751
"768",1367,372
"769",1835,542
"770",1218,312
"771",2066,631
"772",1396,379
"773",2230,559
"774",2915,971
"775",1713,399
"776",1454,486
"777",1974,480
"778",1871,507
"779",1384,420
"780",1583,488
"781",1446,427
"782",1245,347
"783",2181,543
"784",1880,538
"785",1978,518
"786",1309,414
"787",1267,358
"788",13851,1117
"789",11394,478
"790",10642,317
"791",10771,321
"792",10556,490
"793",10332,356
"794",11792,1045
"795",10705,426
"796",10662,410
"797",10111,322
"798",9956,336
"799",11868,1448
"800",9936,422
"801",9666,328
"802",9225,520
"803",8690,502
"804",9142,377
"805",9240,522
"806",8702,308
"807",8585,381
"808",8246,401
"809",12522,1633
"810",8315,378
"811",8620,416
"812",7885,305
"813",7675,352
"814",10663,1530
"815",11523,2061
"816",8251,845
"817",7868,649
"818",6950,353
"819",7378,361
"820",15821,3241
"821",8664,1247
"822",7471,736
"823",8242,927
"824",6477,361
"825",6244,407
"826",6373,457
"827",6497,483
"828",7588,908
"829",6670,526
"830",6538,473
"831",5583,305
"832",6141,526
"833",6181,757
"834",7032,935
"835",12749,2629
"836",5210,316
"837",6057,659
"838",5558,568
"839",8274,1291
"840",4919,346
"841",6533,1238
"842",4652,422
"843",5114,756
"844",5129,644
"845",4230,332
"846",4453,511
"847",4084,355
"848",4583,741
"849",4659,627
"850",3958,369
"851",4231,564
"852",4323,698
"853",3641,324
"854",4613,772
"855",4482,733
"856",3339,350
"857",3558,558
"858",3580,308
"859",3371,306
"860",4003,675
"861",3026,331
"862",4280,708
"863",5659,1366
"864",4437,757
"865",4108,688
"866",3304,374
"867",3246,340
"868",3430,478
"869",3477,581
"870",3278,455
"871",6093,1703
"872",5185,1419
"873",2992,360
"874",3495,460
"875",3529,504
"876",3455,485
"877",3217,503
"878",3324,466
"879",5131,1263
"880",2922,352
"881",5151,1134
"882",4134,1085
"883",3963,1002
"884",3716,695
"885",8737,2281
"886",2800,374
"887",2863,336
"888",3005,609
"889",4335,1209
"890",2798,522
"891",4059,893
"892",2735,340
"893",2710,312
"894",3907,1108
"895",2875,442
"896",4246,1124
"897",3098,521
"898",2726,329
"899",3115,509
"900",3290,675
"901",3172,616
"902",3102,724
"903",2481,333
"904",3033,397
"905",2703,345
"906",7165,2318
"907",2565,382
"908",4852,988
"909",2992,575
"910",2856,370
"911",2579,340
"912",2742,453
"913",2838,525
"914",7176,1856
"915",2517,323
"916",2650,349
"917",2592,355
"918",3147,637
"919",3979,1023
"920",5333,1742
"921",2718,471
"922",4115,1045
"923",2525,448
"924",5676,1845
"925",2438,457
"926",2999,730
"927",6699,2152
"928",5625,1527
"929",2446,336
"930",2977,662
"931",2379,326
"932",2448,304
"933",4333,1115
"934",4501,1172
"935",2701,470
"936",2426,388
"937",3217,875
"938",2570,404
"939",2774,521
"940",2648,482
"941",2870,553
"942",5798,1961
"943",5038,1109
"944",2700,512
"945",2359,330
"946",2828,590
"947",4933,1496
"948",3013,712
"949",2404,394
"950",2548,443
"951",3265,614
"952",2465,479
"953",2436,461
"954",2666,488
"955",2181,338
"956",2165,304
"957",4813,1639
"958",10656,2944
"959",5200,1588
"960",5843,1650
"961",2649,408
"962",2347,336
"963",2258,331
"964",2394,373
"965",2841,652
"966",4902,1233
"967",2477,399
"968",2612,436
"969",2706,596
"970",2447,482
"971",2380,365
"972",2287,312
"973",2273,374
"974",8600,2542
"975",2253,316
"976",3131,803
"977",3045,607
"978",3449,956
"979",2563,672
"980",2590,486
"981",3655,1019
"982",2315,333
"983",2546,483
"984",2399,476
"985",2968,715
"986",2387,482
"987",2231,305
"988",2210,305
"989",2127,333
"990",3086,920
"991",2201,348
"992",2450,502
"993",2349,443
"994",2671,462
"995",2103,347
"996",2839,769
"997",2368,492
"998",2137,380
"999",4425,1133
"1000",3527,1018
"1001",2662,538
"1002",2332,415
"1003",2050,305
"1004",2242,364
"1005",3011,814
"1006",2372,446
"1007",2402,484
"1008",2335,361
"1009",4247,1314
"1010",2344,522
"1011",7476,2346
"1012",2221,391
"1013",3731,963
"1014",2274,426
"1015",2363,411
"1016",3803,973
"1017",2034,331
"1018",3640,1268
"1019",2805,607
"1020",2948,941
"1021",2493,489
"1022",3673,1040
"1023",2354,445
"1024",3723,1155
"1025",2252,415
"1026",2084,362
"1027",7217,1611
"1028",2338,416
"1029",2761,533
"1030",2426,499
"1031",2672,697
"1032",2405,513
"1033",2344,443
"1034",5493,1507
"1035",2418,458
"1036",5585,1795
"1037",9995,2659
"1038",6381,1596
"1039",2258,359
"1040",3047,882
"1041",5113,1590
"1042",2582,605
"1043",6732,1844
"1044",2133,355
"1045",2511,592
"1046",2865,715
"1047",4089,1344
"1048",10666,2759
"1049",2313,515
"1050",2019,396
"1051",2604,666
"1052",2265,464
"1053",3272,854
"1054",2097,356
"1055",4817,1572
"1056",6011,2016
"1057",8462,2108
"1058",3024,970
"1059",7157,1903
"1060",4623,1397
"1061",6141,1662
"1062",2029,390
"1063",2149,365
"1064",3135,924
"1065",2301,497
"1066",1968,397
"1067",2378,485
"1068",2786,711
"1069",2084,385
"1070",8952,2654
"1071",4244,1198
"1072",2820,794
"1073",2285,500
"1074",6943,1980
"1075",2357,598
"1076",4393,1664
"1077",2923,690
"1078",3178,990
"1079",4312,1525
"1080",3026,969
"1081",2486,558
"1082",2080,425
"1083",7148,2339
"1084",2928,852
"1085",2823,684
"1086",3001,855
"1087",1967,319
"1088",1909,326
"1089",1947,317
"1090",3250,977
"1091",2057,389
"1092",2380,547
"1093",3220,944
"1094",5060,1758
"1095",2846,744
"1096",3663,1130
"1097",2186,489
"1098",5629,1965
"1099",2614,779
"1100",2126,383
"1101",2160,454
"1102",2673,732
"1103",7236,2357
"1104",4869,1513
"1105",5618,1677
"1106",2931,728
"1107",2212,462
"1108",1935,336
"1109",2394,620
"1110",2006,475
"1111",2106,460
"1112",3513,948
"1113",3796,1279
"1114",2362,486
"1115",2858,791
"1116",2902,785
"1117",5034,1574
"1118",2365,502
"1119",2012,451
"1120",2759,779
"1121",2204,573
"1122",2056,389
"1123",1841,327
"1124",2197,458
"1125",1923,425
"1126",1972,414
"1127",1920,370
"1128",2131,504
"1129",1982,407
"1130",2478,722
"1131",4956,1321
"1132",1823,347
"1133",1792,324
"1134",1850,319
"1135",5379,1794
"1136",1819,331
"1137",1879,345
"1138",2782,837
"1139",5357,1674
"1140",4393,1222
"1141",2187,637
"1142",2407,518
"1143",2639,735
"1144",3906,1303
"1145",4070,1273
"1146",1933,429
"1147",3694,1068
"1148",2115,505
"1149",3640,1203
"1150",3973,1340
"1151",3979,1310
"1152",7324,1992
"1153",3974,1112
"1154",5018,1394
"1155",3787,1275
"1156",7629,2622
"1157",1816,369
"1158",3734,1030
"1159",2021,476
"1160",4683,1691
"1161",1944,342
"1162",1836,341
"1163",1846,356
"1164",1875,373
"1165",2049,465
"1166",1662,323
"1167",5954,2138
"1168",2087,526
"1169",1809,411
"1170",5212,1450
"1171",4429,1468
"1172",2993,882
"1173",1956,499
"1174",2305,572
"1175",3079,1125
"1176",3181,971
"1177",6939,2212
"1178",7174,2373
"1179",8656,2978
"1180",1925,453
"1181",6290,2285
"1182",2713,866
"1183",4038,1292
"1184",1664,319
"1185",3287,1101
"1186",4773,1469
"1187",1758,423
"1188",2123,593
"1189",2296,644
"1190",2494,689
"1191",7221,2717
"1192",2309,671
"1193",2064,498
"1194",3890,1319
"1195",2163,663
"1196",1757,421
"1197",2969,1010
"1198",2083,464
"1199",4490,1480
"1200",4445,1291
"1201",3077,949
"1202",1888,385
"1203",1800,374
"1204",5411,1375
"1205",1808,372
"1206",2278,674
"1207",5989,1918
"1208",2092,475
"1209",5214,1776
"1210",1922,435
"1211",9152,2656
"1212",12462,2756
"1213",1894,486
"1214",2460,689
"1215",2880,700
"1216",1784,437
"1217",5375,1889
"1218",4818,1724
"1219",3338,1034
"1220",3424,1253
"1221",3982,1405
"1222",1659,311
"1223",1758,400
"1224",2026,501
"1225",5370,1467
"1226",2562,700
"1227",1884,572
"1228",2011,416
"1229",4205,1222
"1230",1751,439
"1231",2320,596
"1232",1958,512
"1233",1798,398
"1234",4376,1527
"1235",3648,972
"1236",1594,350
"1237",2782,906
"1238",3972,1372
"1239",1691,362
"1240",3033,789
"1241",3494,1030
"1242",3092,1008
"1243",2246,734
"1244",1803,345
"1245",2895,822
"1246",5520,1483
"1247",5315,1918
"1248",1691,395
"1249",11074,3169
"1250",2088,520
"1251",1562,303
"1252",2187,680
"1253",2610,723
"1254",1527,316
"1255",1815,413
"1256",2743,902
"1257",13077,3278
"1258",1707,441
"1259",8843,2967
"1260",2016,518
"1261",6522,2140
"1262",2786,931
"1263",3915,1391
"1264",2704,851
"1265",4539,1465
"1266",2348,577
"1267",2351,713
"1268",2032,657
"1269",1587,335
"1270",1568,333
"1271",1784,390
"1272",6332,1847
"1273",1589,392
"1274",2291,877
"1275",2246,668
"1276",6485,1723
"1277",2452,581
"1278",3372,1147
"1279",2300,685
"1280",4308,1425
"1281",4323,1602
"1282",1896,489
"1283",2543,683
"1284",1756,389
"1285",6237,2377
"1286",1594,325
"1287",3146,1005
"1288",3704,1052
"1289",1935,511
"1290",2091,581
"1291",8025,2674
"1292",1741,450
"1293",3224,1094
"1294",2067,531
"1295",5738,2048
"1296",3181,1188
"1297",5701,1954
"1298",1531,324
"1299",1921,458
"1300",11243,3209
"1301",1763,435
"1302",1663,416
"1303",4674,1474
"1304",1490,336
"1305",2191,671
"1306",1741,444
"1307",1992,456
"1308",2060,530
"1309",2816,764
"1310",2419,718
"1311",3449,1129
"1312",2128,695
"1313",4327,1311
"1314",2762,1006
"1315",1928,477
"1316",2393,780
"1317",2309,814
"1318",2315,795
"1319",6706,2398
"1320",1607,406
"1321",5922,1942
"1322",1806,423
"1323",2998,1141
"1324",1593,341
"1325",1545,336
"1326",3940,1066
"1327",1617,368
"1328",1639,376
"1329",13149,3779
"1330",1811,532
"1331",2688,935
"1332",1614,419
"1333",1707,487
"1334",1772,371
"1335",3860,1276
"1336",1665,493
"1337",2355,685
"1338",1783,466
"1339",3871,1455
"1340",4850,1534
"1341",1813,447
"1342",3458,1219
"1343",1552,348
"1344",2672,1019
"1345",1972,560
"1346",1789,479
"1347",1712,483
"1348",2023,544
"1349",1536,386
"1350",2204,690
"1351",6649,2508
"1352",1737,464
"1353",2465,791
"1354",2064,627
"1355",1506,326
"1356",1542,328
"1357",1487,330
"1358",3181,1050
"1359",1697,458
"1360",4700,1836
"1361",1850,525
"1362",4702,1612
"1363",4547,1654
"1364",1692,404
"1365",3151,1014
"1366",2231,732
"1367",4940,1120
"1368",3301,1278
"1369",13502,4007
"1370",2193,574
"1371",4782,1679
"1372",1565,479
"1373",1704,459
"1374",3310,1199
"1375",1463,320
"1376",10249,3576
"1377",4742,1621
"1378",2032,586
"1379",2072,736
"1380",3481,1414
"1381",1719,448
"1382",1411,394
"1383",5096,1784
"1384",2968,726
"1385",4146,1504
"1386",8987,2899
"1387",2469,624
"1388",4813,1632
"1389",2016,575
"1390",2168,890
"1391",3451,1160
"1392",9512,2951
"1393",1481,412
"1394",4428,1497
"1395",1899,624
"1396",1419,341
"1397",1508,357
"1398",3429,1352
"1399",3579,1279
"1400",1926,581
"1401",4020,1360
"1402",1756,513
"1403",1379,327
"1404",2631,984
"1405",2743,890
"1406",2129,760
"1407",1861,411
"1408",2230,782
"1409",1614,506
"1410",1867,542
"1411",5040,1616
"1412",1563,451
"1413",1749,523
"1414",1558,357
"1415",6844,2142
"1416",1737,452
"1417",1659,438
"1418",1993,704
"1419",1779,517
"1420",7166,2427
"1421",2058,659
"1422",1561,460
"1423",2492,882
"1424",1912,535
"1425",2331,726
"1426",1812,464
"1427",5567,1882
"1428",3985,1337
"1429",11814,3534
"1430",6399,2152
"1431",3672,898
"1432",1509,398
"1433",2917,882
"1434",5210,1927
"1435",2135,709
"1436",2008,514
"1437",1643,403
"1438",6060,2207
"1439",1748,519
"1440",1718,426
"1441",1636,466
"1442",3891,1242
"1443",6428,2237
"1444",1385,306
"1445",12534,3434
"1446",1935,509
"1447",1686,460
"1448",1789,412
"1449",1794,491
"1450",1476,362
"1451",1366,324
"1452",1561,452
"1453",1532,435
"1454",5485,1896
"1455",3442,1475
"1456",2237,891
"1457",2012,596
"1458",1611,436
"1459",4030,1555
"1460",2717,845
"1461",4147,1576
"1462",1761,439
"1463",3945,1012
"1464",1319,318
"1465",2942,1102
"1466",8874,2657
"1467",1344,305
"1468",3017,1132
"1469",2298,856
"1470",2152,638
"1471",1893,579
"1472",10659,2822
"1473",10565,2922
"1474",5048,1619
"1475",4670,1792
"1476",1570,428
"1477",2531,861
"1478",4424,1727
"1479",2455,920
"1480",4883,1640
"1481",2009,622
"1482",5738,2070
"1483",1366,349
"1484",1597,462
"1485",8938,2351
"1486",3378,1284
"1487",6281,2427
"1488",5047,1844
"1489",2758,897
"1490",1720,512
"1491",16489,3080
"1492",1298,325
"1493",5940,2064
"1494",1288,322
"1495",1471,403
"1496",4588,1687
"1497",2792,1073
"1498",2517,869
"1499",4548,1625
"1500",2272,919
"1501",2764,1109
"1502",1741,485
"1503",3596,1498
"1504",7670,2430
"1505",1435,414
"1506",2032,488
"1507",5052,1777
"1508",1665,504
"1509",5614,1776
"1510",6360,2392
"1511",1342,310
"1512",2182,696
"1513",9027,2512
"1514",2876,1118
"1515",1576,519
"1516",4923,1466
"1517",6271,1888
"1518",1441,410
"1519",1209,315
"1520",4004,1538
"1521",1635,512
"1522",1250,305
"1523",1829,553
"1524",3682,1500
"1525",1455,442
"1526",5719,1082
"1527",1752,459
"1528",1379,325
"1529",6282,1680
"1530",2406,633
"1531",1646,429
"1532",10571,2533
"1533",1899,548
"1534",1352,307
"1535",1979,495
"1536",1926,620
"1537",2869,677
"1538",1374,325
"1539",29545,4378
"1540",4266,1360
"1541",13035,2884
"1542",1417,360
"1543",14469,3151
"1544",6689,1898
"1545",5086,1447
"1546",3033,815
"1547",1838,399
"1548",17743,3378
"1549",1444,313
"1550",5328,1518
"1551",2395,671
"1552",3685,1152
"1553",1642,456
"1554",2271,658
"1555",3153,953
"1556",12755,2440
"1557",1883,459
"1558",1600,376
"1559",9532,1893
"1560",1960,523
"1561",2312,610
"1562",2761,681
"1563",12599,2872
"1564",1910,630
"1565",1708,384
"1566",18499,3671
"1567",1554,394
"1568",1649,439
"1569",3133,1168
"1570",2617,699
"1571",1475,318
"1572",1627,453
"1573",15141,2286
"1574",2089,808
"1575",12648,444
"1576",19113,2278
"1577",12287,869
"1578",12178,891
"1579",10352,351
"1580",22201,2989
"1581",18288,2345
"1582",18624,2219
"1583",12514,940
"1584",11235,748
"1585",10774,556
"1586",10011,408
"1587",10321,397
"1588",31732,4147
"1589",10615,857
"1590",8606,340
"1591",9873,457
"1592",9728,674
"1593",9675,655
"1594",16909,2127
"1595",17857,2432
"1596",9840,986
"1597",9360,657
"1598",10472,1016
"1599",8300,357
"1600",7952,385
"1601",9804,961
"1602",7641,426
"1603",19358,2862
"1604",7457,313
"1605",14472,2005
"1606",7928,449
"1607",9702,1066
"1608",22561,3374
"1609",6932,327
"1610",15520,2250
"1611",23062,2913
"1612",30066,3933
"1613",7712,757
"1614",6318,318
"1615",22060,3700
"1616",7365,507
"1617",16524,2896
"1618",6135,464
"1619",7128,671
"1620",18208,3138
"1621",5954,315
"1622",9989,1609
"1623",9271,1450
"1624",7901,1109
"1625",5595,377
"1626",16657,2662
"1627",9225,1709
"1628",13189,2180
"1629",17987,2946
"1630",13263,2179
"1631",5001,520
"1632",20344,2909
"1633",6243,1113
"1634",4299,349
"1635",5833,1013
"1636",11661,2166
"1637",12076,2142
"1638",4514,473
"1639",11887,2335
"1640",3812,324
"1641",3851,384
"1642",11376,2196
"1643",6749,1320
"1644",8725,1869
"1645",4161,435
"1646",11297,1870
"1647",3970,573
"1648",6887,1458
"1649",4945,739
"1650",3376,303
"1651",3701,380
"1652",3488,359
"1653",3542,335
"1654",5481,1079
"1655",3832,472
"1656",3641,461
"1657",3283,347
"1658",6002,1276
"1659",3745,605
"1660",3885,632
"1661",8366,1936
"1662",3433,341
"1663",3936,472
"1664",18747,3338
"1665",3280,337
"1666",3259,368
"1667",3229,422
"1668",3781,734
"1669",17111,3486
"1670",3725,617
"1671",4331,787
"1672",5596,870
"1673",4923,604
"1674",2998,317
"1675",3464,439
"1676",12520,2755
"1677",3025,405
"1678",11894,2483
"1679",3209,476
"1680",8297,1777
"1681",4692,1161
"1682",4006,691
"1683",3019,429
"1684",3599,410
"1685",4431,834
"1686",11363,2314
"1687",3021,356
"1688",3127,442
"1689",3216,451
"1690",6360,1532
"1691",3125,368
"1692",19794,3332
"1693",4231,916
"1694",4219,752
"1695",3820,578
"1696",12310,2573
"1697",3060,527
"1698",5172,1219
"1699",4531,882
"1700",18713,3085
"1701",3549,422
"1702",3963,598
"1703",21432,3578
"1704",3292,588
"1705",7384,1728
"1706",3924,754
"1707",6588,1022
"1708",4389,963
"1709",3113,368
"1710",2790,472
"1711",11471,2506
"1712",8793,1907
"1713",17040,3467
"1714",2856,371
"1715",13831,2881
"1716",12345,2530
"1717",6401,1421
"1718",16751,3094
"1719",5546,896
"1720",2987,425
"1721",16315,3068
"1722",3116,539
"1723",11829,2183
"1724",3234,572
"1725",2920,506
"1726",3004,468
"1727",3879,804
"1728",13755,3034
"1729",3203,659
"1730",2573,345
"1731",2715,387
"1732",2816,424
"1733",2685,363
"1734",5226,1283
"1735",5098,980
"1736",2745,469
"1737",5580,1334
"1738",2858,322
"1739",14807,2966
"1740",2928,611
"1741",2642,398
"1742",17980,3617
"1743",3579,852
"1744",2749,396
"1745",2974,584
"1746",2561,304
"1747",8917,1789
"1748",4273,1100
"1749",12241,2344
"1750",3595,752
"1751",2615,380
"1752",11957,2715
"1753",3741,809
"1754",3154,580
"1755",2485,364
"1756",12293,2551
"1757",22663,4029
"1758",6151,1482
"1759",2487,367
"1760",2348,308
"1761",2705,442
"1762",4282,856
"1763",4563,1174
"1764",5987,1376
"1765",3312,747
"1766",9786,2423
"1767",3002,573
"1768",2620,356
"1769",11713,2425
"1770",3521,759
"1771",11622,2559
"1772",4007,988
"1773",4123,1023
"1774",2441,321
"1775",7618,1867
"1776",6914,1624
"1777",7160,1949
"1778",2447,326
"1779",3091,484
"1780",2862,560
"1781",5477,1528
"1782",2531,493
"1783",7219,1487
"1784",5191,982
"1785",3079,788
"1786",4038,940
"1787",11030,2457
"1788",9720,2604
"1789",5395,1391
"1790",4460,1049
"1791",2844,562
"1792",3388,678
"1793",2547,408
"1794",3676,631
"1795",2327,321
"1796",3519,674
"1797",8550,2034
"1798",3450,925
"1799",2849,542
"1800",4018,712
"1801",2367,383
"1802",2346,413
"1803",3089,665
"1804",9813,2460
"1805",3695,956
"1806",3435,814
"1807",6534,1728
"1808",2568,318
"1809",2340,442
"1810",7358,1272
"1811",8262,2014
"1812",2348,400
"1813",12091,2733
"1814",7457,1694
"1815",8695,1904
"1816",4088,680
"1817",4435,985
"1818",6371,1610
"1819",23947,3976
"1820",9839,2207
"1821",2626,411
"1822",9910,2209
"1823",21460,3686
"1824",15882,3147
"1825",2376,363
"1826",18796,3560
"1827",4811,1207
"1828",2819,684
"1829",12348,2807
"1830",2508,535
"1831",3531,1036
"1832",2067,316
"1833",2621,464
"1834",1992,306
"1835",2062,328
"1836",2623,555
"1837",17491,3360
"1838",2379,379
"1839",2926,692
"1840",2074,303
"1841",2709,451
"1842",2257,393
"1843",5371,1106
"1844",16908,3362
"1845",2464,485
"1846",6767,1196
"1847",6420,1376
"1848",2733,549
"1849",2308,448
"1850",13639,2914
"1851",2179,353
"1852",10387,2364
"1853",2448,544
"1854",3204,585
"1855",13342,3383
"1856",4254,1149
"1857",13902,2914
"1858",14133,3073
"1859",2151,311
"1860",3368,867
"1861",3712,919
"1862",2250,447
"1863",2160,323
"1864",14782,2630
"1865",17967,3169
"1866",14371,3172
"1867",2022,311
"1868",4596,995
"1869",2210,452
"1870",2365,453
"1871",6159,941
"1872",2488,509
"1873",2112,310
"1874",8579,2027
"1875",5586,1686
"1876",2447,313
"1877",7384,1739
"1878",2834,670
"1879",23810,4587
"1880",1965,331
"1881",7968,2032
"1882",6597,1648
"1883",4023,1147
"1884",2059,368
"1885",2390,486
"1886",4960,1240
"1887",2886,592
"1888",1915,345
"1889",15621,3202
"1890",8388,2104
"1891",8025,1356
"1892",2070,351
"1893",2798,618
"1894",3940,1150
"1895",8930,2449
"1896",5301,1410
"1897",7954,2085
"1898",12952,3240
"1899",2073,357
"1900",2434,512
"1901",4982,1405
"1902",15136,3179
"1903",2113,375
"1904",8027,2152
"1905",2268,446
"1906",2037,386
"1907",2950,680
"1908",1939,374
"1909",1903,305
"1910",17009,3260
"1911",2245,405
"1912",11739,2593
"1913",3944,1112
"1914",2075,367
"1915",6458,1755
"1916",4711,1127
"1917",3267,929
"1918",2281,525
"1919",3232,923
"1920",3502,979
"1921",8419,1853
"1922",2062,439
"1923",2661,720
"1924",2803,748
"1925",1785,335
"1926",2533,432
"1927",2944,688
"1928",4658,999
"1929",3072,677
"1930",5555,1749
"1931",2115,349
"1932",2453,502
"1933",3194,843
"1934",1969,340
"1935",17958,3273
"1936",2206,392
"1937",4031,1032
"1938",1854,303
"1939",2088,406
"1940",1925,336
"1941",18287,3325
"1942",3656,975
"1943",1730,311
"1944",2265,512
"1945",11281,2185
"1946",21294,3860
"1947",10155,2321
"1948",1871,319
"1949",4204,862
"1950",3164,653
"1951",3730,862
"1952",2212,416
"1953",2001,393
"1954",11602,2507
"1955",2871,744
"1956",4073,1177
"1957",2966,772
"1958",10767,2656
"1959",3528,1092
"1960",9320,2119
"1961",1991,394
"1962",1959,383
"1963",5270,1340
"1964",1906,471
"1965",6294,1525
"1966",7440,1945
"1967",1838,350
"1968",9038,2335
"1969",2215,484
"1970",3451,859
"1971",2108,503
"1972",1840,316
"1973",2840,769
"1974",3912,1170
"1975",1924,394
"1976",2534,562
"1977",2463,600
"1978",2851,652
"1979",17509,3784
"1980",19412,4079
"1981",2950,720
"1982",12185,2922
"1983",2083,564
"1984",12682,2877
"1985",4280,1038
"1986",23917,4862
"1987",9012,2287
"1988",3355,862
"1989",3252,918
"1990",2855,412
"1991",4338,1133
"1992",25180,4333
"1993",2544,621
"1994",14391,2980
"1995",3950,983
"1996",2162,592
"1997",6578,1324
"1998",3804,1164
"1999",1879,374
"2000",5553,1667
"2001",1863,340
"2002",12473,2996
"2003",6421,1793
"2004",8194,2157
"2005",1862,396
"2006",2473,614
"2007",2560,644
"2008",2985,763
"2009",1684,316
"2010",9305,2275
"2011",2116,461
"2012",1997,386
"2013",1691,332
"2014",1989,393
"2015",4778,1232
"2016",7024,1951
"2017",1837,403
"2018",6380,1831
"2019",3346,1109
"2020",14946,3252
"2021",13934,3041
"2022",1848,414
"2023",1787,363
"2024",1831,360
"2025",2012,535
"2026",23596,3829
"2027",1695,337
"2028",1801,339
"2029",5261,1012
"2030",16119,3003
"2031",3431,1022
"2032",13325,3156
"2033",1967,401
"2034",5730,1662
"2035",1744,328
"2036",7099,1927
"2037",5449,1342
"2038",5213,1458
"2039",9014,1975
"2040",6930,1684
"2041",2032,372
"2042",2245,527
"2043",4547,1168
"2044",1649,328
"2045",2263,485
"2046",2833,861
"2047",1726,313
"2048",3683,1087
"2049",1612,312
"2050",1691,324
"2051",3178,966
"2052",17175,3197
"2053",2189,608
"2054",2310,594
"2055",1669,328
"2056",8855,2073
"2057",1575,319
"2058",1958,421
"2059",1633,342
"2060",2178,607
"2061",2187,482
"2062",2375,744
"2063",1954,463
"2064",7927,2096
"2065",2515,661
"2066",4523,1378
"2067",2258,614
"2068",11042,2854
"2069",24047,4083
"2070",1787,356
"2071",1786,329
"2072",2905,857
"2073",5336,879
"2074",6474,1065
"2075",2774,612
"2076",7235,1924
"2077",2669,769
"2078",18859,3893
"2079",1682,314
"2080",6318,1642
"2081",1831,466
"2082",1548,319
"2083",1704,380
"2084",2039,470
"2085",9234,2240
"2086",1642,366
"2087",2006,502
"2088",4237,993
"2089",10167,3159
"2090",2438,770
"2091",3089,1002
"2092",9396,2915
"2093",6554,2089
"2094",4710,1592
"2095",13537,3658
"2096",7611,2537
"2097",3688,1150
"2098",2586,716
"2099",1897,563
"2100",1790,415
"2101",1525,357
"2102",4992,1785
"2103",1469,309
"2104",3111,1085
"2105",2627,731
"2106",11126,3306
"2107",9241,2863
"2108",3801,1305
"2109",1982,549
"2110",2705,1002
"2111",5959,1999
"2112",6602,2302
"2113",2358,707
"2114",7233,2152
"2115",3693,901
"2116",1848,415
"2117",2540,759
"2118",2410,580
"2119",3546,1307
"2120",1887,565
"2121",4581,1630
"2122",8383,2384
"2123",3512,1223
"2124",11796,3040
"2125",5948,1935
"2126",2002,576
"2127",5819,2063
"2128",5637,1693
"2129",2274,744
"2130",4623,1585
"2131",5604,1855
"2132",7270,2272
"2133",1615,392
"2134",1498,344
"2135",8687,2642
"2136",9654,3161
"2137",12498,3515
"2138",1827,514
"2139",1964,533
"2140",4132,1506
"2141",11789,3158
"2142",2454,849
"2143",3192,1090
"2144",1824,571
"2145",3408,1065
"2146",5147,1495
"2147",3765,1439
"2148",4653,1612
"2149",8128,2559
"2150",11747,3088
"2151",8576,2565
"2152",22478,4909
"2153",1456,311
"2154",3848,1208
"2155",7475,2273
"2156",9520,2916
"2157",6716,2374
"2158",11327,3384
"2159",1537,398
"2160",1828,579
"2161",15478,3606
"2162",19148,4504
"2163",4005,1448
"2164",1480,338
"2165",1674,486
"2166",3588,1075
"2167",10277,3132
"2168",1704,457
"2169",4587,1537
"2170",3553,1233
"2171",8487,2663
"2172",2415,786
"2173",8840,2508
"2174",2365,671
"2175",2653,854
"2176",11878,3146
"2177",3335,968
"2178",4844,1463
"2179",4362,1295
"2180",1966,597
"2181",4704,1665
"2182",1792,509
"2183",4784,1677
"2184",3801,1318
"2185",1575,374
"2186",1729,496
"2187",1496,330
"2188",4099,1419
"2189",7113,1780
"2190",9405,2933
"2191",1896,559
"2192",2006,689
"2193",20732,4184
"2194",2055,564
"2195",2803,858
"2196",4682,1434
"2197",1822,435
"2198",4761,1514
"2199",6981,2299
"2200",3449,1403
"2201",2129,704
"2202",5473,1892
"2203",2241,790
"2204",2835,1066
"2205",1364,311
"2206",4660,1572
"2207",7711,2367
"2208",1586,424
"2209",2145,608
"2210",1780,521
"2211",2293,806
"2212",5516,1641
"2213",2848,858
"2214",11190,3303
"2215",8162,2483
"2216",2377,712
"2217",6065,2003
"2218",1365,334
"2219",2976,858
"2220",2359,787
"2221",24973,4776
"2222",5682,2019
"2223",1714,517
"2224",7961,2506
"2225",3748,1310
"2226",1851,434
"2227",4084,1425
"2228",2926,1097
"2229",9185,2800
"2230",4296,1437
"2231",1399,349
"2232",6452,2100
"2233",1959,428
"2234",1555,401
"2235",3773,1236
"2236",6189,2166
"2237",2481,862
"2238",13046,3695
"2239",1998,603
"2240",1373,313
"2241",2097,529
"2242",9717,3021
"2243",1387,351
"2244",1716,451
"2245",5373,1870
"2246",2186,637
"2247",7047,2304
"2248",2873,990
"2249",1440,361
"2250",10812,3110
"2251",9221,3082
"2252",1761,495
"2253",1664,441
"2254",9331,2725
"2255",10354,2747
"2256",20760,4545
"2257",1507,341
"2258",3565,1125
"2259",1338,320
"2260",1732,460
"2261",12402,3595
"2262",5551,1970
"2263",2372,841
"2264",5719,1890
"2265",11158,3108
"2266",4335,1525
"2267",3169,1206
"2268",7874,2589
"2269",6298,2149
"2270",5296,1501
"2271",3245,1137
"2272",10185,2823
"2273",1761,526
"2274",3579,1306
"2275",5261,1924
"2276",1819,510
"2277",6088,2028
"2278",2079,649
"2279",5143,1712
"2280",2117,621
"2281",1640,478
"2282",8620,2091
"2283",3074,1058
"2284",7714,2272
"2285",2095,630
"2286",6221,1944
"2287",5820,2150
"2288",10298,3141
"2289",1599,494
"2290",6373,1916
"2291",6422,2269
"2292",1521,444
"2293",6819,2325
"2294",2507,893
"2295",4395,1426
"2296",7647,2241
"2297",2516,886
"2298",3835,1442
"2299",8617,2788
"2300",13179,3378
"2301",2076,708
"2302",3626,1376
"2303",1868,643
"2304",6872,2146
"2305",8654,2625
"2306",1942,662
"2307",12249,3634
"2308",3201,1034
"2309",2479,1011
"2310",12706,3377
"2311",3620,1061
"2312",4222,1326
"2313",9605,3024
"2314",11502,3509
"2315",2890,881
"2316",6952,2060
"2317",2680,841
"2318",1485,461
"2319",5372,1802
"2320",7868,2670
"2321",2221,655
"2322",2305,925
"2323",20846,4009
"2324",3863,1408
"2325",3067,1161
"2326",3317,1127
"2327",1805,546
"2328",7035,2425
"2329",2525,917
"2330",4351,1574
"2331",4068,1442
"2332",2767,804
"2333",19833,4337
"2334",7807,2270
"2335",2735,956
"2336",9010,2406
"2337",3799,1460
"2338",1901,653
"2339",2372,741
"2340",1811,617
"2341",4006,1448
"2342",9757,2946
"2343",10666,2869
"2344",2773,997
"2345",10450,2998
"2346",9535,2547
"2347",2200,734
"2348",5949,1805
"2349",8007,2702
"2350",1638,545
"2351",2452,932
"2352",6052,1426
"2353",8034,2582
"2354",15731,4095
"2355",11582,3614
"2356",5500,1902
"2357",1337,396
"2358",2521,866
"2359",1545,486
"2360",1363,414
"2361",10252,2687
"2362",19529,2608
"2363",23036,3548
"2364",12839,1442
"2365",15083,1942
"2366",19838,3108
"2367",15876,2151
"2368",12514,1083
"2369",10640,364
"2370",16321,1905
"2371",11788,1116
"2372",12957,1724
"2373",15177,2401
"2374",20640,2959
"2375",12922,1550
"2376",11424,1403
"2377",14618,2454
"2378",10805,1083
"2379",9162,374
"2380",10016,871
"2381",10578,1281
"2382",15646,2791
"2383",8425,341
"2384",15660,2860
"2385",9556,933
"2386",8441,528
"2387",20873,4101
"2388",8055,427
"2389",14533,2341
"2390",9076,1071
"2391",15233,2657
"2392",7037,387
"2393",7460,325
"2394",7364,367
"2395",10161,1489
"2396",7215,490
"2397",7906,990
"2398",14107,2700
"2399",10607,1899
"2400",14628,2970
"2401",11427,2139
"2402",14708,2855
"2403",8070,1093
"2404",10472,1977
"2405",10258,2083
"2406",6795,858
"2407",7098,1055
"2408",5772,445
"2409",5740,495
"2410",16991,2724
"2411",8215,1422
"2412",9980,1830
"2413",6750,1230
"2414",5244,440
"2415",4661,451
"2416",5258,729
"2417",4820,523
"2418",9060,1864
"2419",24444,4767
"2420",4703,488
"2421",9400,1784
"2422",10388,2716
"2423",17789,3865
"2424",6508,1429
"2425",3983,317
"2426",9932,2591
"2427",4804,798
"2428",7265,1739
"2429",16142,3187
"2430",3372,396
"2431",9405,2472
"2432",5452,1091
"2433",3453,308
"2434",9337,2576
"2435",12735,3336
"2436",17837,4196
"2437",11473,3056
"2438",3566,389
"2439",3724,516
"2440",5655,1407
"2441",7589,2031
"2442",4398,976
"2443",7800,2333
"2444",4814,1212
"2445",16412,3876
"2446",3529,539
"2447",3368,572
"2448",10613,2676
"2449",6632,1895
"2450",4034,633
"2451",4740,1265
"2452",19871,4595
"2453",6723,1763
"2454",3252,540
"2455",2954,311
"2456",11468,2416
"2457",3172,446
"2458",6101,1514
"2459",4860,1246
"2460",2816,341
"2461",8605,2352
"2462",7564,2352
"2463",11781,3559
"2464",11341,3135
"2465",4947,1007
"2466",5256,1289
"2467",3877,779
"2468",12054,3366
"2469",14042,3605
"2470",4621,1138
"2471",14323,3536
"2472",14986,3935
"2473",4722,1267
"2474",10690,2992
"2475",6868,1813
"2476",9291,2358
"2477",4132,1110
"2478",8911,2557
"2479",3979,887
"2480",8627,2396
"2481",5571,1530
"2482",5040,1275
"2483",4450,1137
"2484",2652,340
"2485",3679,770
"2486",13364,3625
"2487",2822,384
"2488",9583,2429
"2489",3585,852
"2490",19438,4415
"2491",15699,3840
"2492",9057,2433
"2493",3236,593
"2494",11962,3048
"2495",4612,1203
"2496",5909,1182
"2497",9985,2787
"2498",18489,4114
"2499",2306,341
"2500",6205,1377
"2501",6357,1808
"2502",5908,1264
"2503",10444,2587
"2504",8674,2517
"2505",3736,862
"2506",3221,608
"2507",3181,596
"2508",5849,1360
"2509",3891,936
"2510",3533,702
"2511",9282,2450
"2512",3027,610
"2513",4116,1150
"2514",4513,1258
"2515",2403,327
"2516",6319,1774
"2517",9246,2696
"2518",2942,562
"2519",9514,2851
"2520",5382,1476
"2521",3997,1053
"2522",13628,3541
"2523",8470,2529
"2524",23666,5008
"2525",3687,1007
"2526",12510,3539
"2527",22171,4537
"2528",3770,1052
"2529",2791,555
"2530",5838,1730
"2531",3433,826
"2532",11627,3412
"2533",21876,4705
"2534",5085,1495
"2535",4063,898
"2536",3300,745
"2537",8301,2509
"2538",2338,316
"2539",8826,2185
"2540",17074,4022
"2541",10011,2867
"2542",3434,820
"2543",5070,1507
"2544",3016,612
"2545",2606,493
"2546",5422,1670
"2547",2419,441
"2548",4716,1284
"2549",9136,2565
"2550",3498,938
"2551",9860,2761
"2552",7978,2652
"2553",12611,3109
"2554",5708,1447
"2555",3408,951
"2556",2470,416
"2557",2741,654
"2558",3832,1043
"2559",7416,1739
"2560",3350,1040
"2561",2965,775
"2562",3124,615
"2563",2615,589
"2564",4234,1204
"2565",7171,2203
"2566",6066,1706
"2567",4734,1308
"2568",3344,923
"2569",3098,851
"2570",5093,1473
"2571",6870,1949
"2572",4098,1312
"2573",10968,3066
"2574",2708,593
"2575",2880,530
"2576",6698,2130
"2577",2898,701
"2578",13153,3539
"2579",7923,2294
"2580",3191,729
"2581",2341,460
"2582",5754,1568
"2583",3148,691
"2584",2500,502
"2585",2949,524
"2586",5842,1477
"2587",23069,4637
"2588",7109,1708
"2589",2967,674
"2590",12351,2732
"2591",2202,395
"2592",4679,1192
"2593",3597,901
"2594",2049,318
"2595",2749,612
"2596",9831,2593
"2597",2265,346
"2598",10885,2417
"2599",3321,902
"2600",4704,986
"2601",8476,1837
"2602",2858,582
"2603",4313,974
"2604",3963,1100
"2605",2785,579
"2606",2918,591
"2607",3968,1013
"2608",7108,1696
"2609",2163,342
"2610",3080,615
"2611",6199,1555
"2612",3754,936
"2613",16588,3761
"2614",6353,1641
"2615",2357,336
"2616",2148,385
"2617",7608,1843
"2618",2061,332
"2619",3274,676
"2620",6855,1686
"2621",5145,1535
"2622",10145,2027
"2623",4945,1189
"2624",2859,717
"2625",19346,3639
"2626",3639,1105
"2627",2161,355
"2628",10235,2762
"2629",13033,2937
"2630",2205,358
"2631",4151,1037
"2632",2007,311
"2633",7897,1877
"2634",6450,1566
"2635",6680,1804
"2636",11698,2198
"2637",2269,435
"2638",3177,667
"2639",2502,431
"2640",4421,1150
"2641",12059,2705
"2642",6471,1793
"2643",1975,324
"2644",7125,1890
"2645",2993,783
"2646",3276,803
"2647",15690,2903
"2648",11525,2178
"2649",15107,3636
"2650",19448,4196
"2651",2233,397
"2652",26780,4541
"2653",16406,3649
"2654",2289,460
"2655",16207,3378
"2656",1988,329
"2657",3305,718
"2658",17748,3975
"2659",2117,330
"2660",2433,571
"2661",10876,2403
"2662",9500,2284
"2663",9131,2658
"2664",2365,372
"2665",4861,1148
"2666",7449,2431
"2667",5778,1449
"2668",2788,566
"2669",5875,1356
"2670",4417,1312
"2671",3958,1127
"2672",10882,2797
"2673",2420,466
"2674",6444,1733
"2675",15725,4179
"2676",3467,1032
"2677",3308,833
"2678",4369,1450
"2679",22615,4430
"2680",2086,340
"2681",2717,711
"2682",5049,1436
"2683",2066,365
"2684",8181,2203
"2685",3108,527
"2686",10908,2327
"2687",8840,2275
"2688",2624,576
"2689",6276,1641
"2690",15976,3450
"2691",1938,315
"2692",3524,880
"2693",2977,679
"2694",1903,335
"2695",2003,392
"2696",1949,304
"2697",3333,825
"2698",9928,2417
"2699",1819,316
"2700",2448,624
"2701",4441,1191
"2702",10083,2743
"2703",2732,707
"2704",4660,1272
"2705",3792,1049
"2706",10905,3812
"2707",3893,1068
"2708",2511,728
"2709",4855,1125
"2710",9275,2067
"2711",2572,668
"2712",1844,351
"2713",7845,2001
"2714",2975,861
"2715",4348,1288
"2716",13201,3186
"2717",1786,323
"2718",5411,1488
"2719",1917,313
"2720",2074,466
"2721",2281,439
"2722",4433,1496
"2723",4090,1166
"2724",10503,2588
"2725",5503,1214
"2726",2019,316
"2727",11806,2721
"2728",1926,482
"2729",6846,1695
"2730",4371,1102
"2731",18930,4565
"2732",15326,3219
"2733",3963,1027
"2734",4565,1138
"2735",10579,2728
"2736",14376,3176
"2737",5255,1209
"2738",2025,457
"2739",1925,343
"2740",2331,585
"2741",2697,668
"2742",6561,1485
"2743",2552,686
"2744",6717,1573
"2745",7890,1948
"2746",10712,2510
"2747",4418,1180
"2748",4246,1068
"2749",10966,2418
"2750",5136,1129
"2751",2099,463
"2752",4982,1079
"2753",2353,496
"2754",2941,608
"2755",4125,1037
"2756",4629,1470
"2757",4979,1283
"2758",3962,1140
"2759",2232,424
"2760",2243,501
"2761",7500,1952
"2762",1886,390
"2763",4314,1151
"2764",16931,3558
"2765",2746,753
"2766",12702,2688
"2767",2473,633
"2768",1981,324
"2769",2577,734
"2770",2826,676
"2771",37578,6204
"2772",1655,305
"2773",1872,429
"2774",1736,354
"2775",2049,500
"2776",20231,4158
"2777",3397,929
"2778",7306,1748
"2779",2865,725
"2780",2930,894
"2781",11991,2719
"2782",2264,449
"2783",15489,2985
"2784",5697,1529
"2785",2102,525
"2786",3822,985
"2787",4511,1275
"2788",11354,2391
"2789",6115,1331
"2790",1739,326
"2791",11451,2546
"2792",1576,306
"2793",3687,866
"2794",4747,1391
"2795",5800,2018
"2796",2596,748
"2797",2735,813
"2798",4614,1556
"2799",16218,3742
"2800",1723,330
"2801",14512,3050
"2802",1929,408
"2803",1998,465
"2804",2644,703
"2805",2131,381
"2806",1821,429
"2807",3449,844
"2808",5843,1691
"2809",1944,323
"2810",2204,503
"2811",2182,559
"2812",1754,337
"2813",1996,382
"2814",12497,2564
"2815",2372,610
"2816",1918,485
"2817",6643,1875
"2818",1627,315
"2819",7559,2365
"2820",2686,764
"2821",28476,5856
"2822",2332,653
"2823",13023,3177
"2824",8413,1974
"2825",1850,350
"2826",2320,647
"2827",2592,664
"2828",15140,2753
"2829",3102,1008
"2830",2999,990
"2831",2012,486
"2832",2908,1063
"2833",3530,1022
"2834",2189,512
"2835",2694,592
"2836",8649,1970
"2837",15242,3574
"2838",25830,5259
"2839",1773,355
"2840",8898,2060
"2841",3195,943
"2842",1474,313
"2843",9267,2603
"2844",3249,1102
"2845",2307,644
"2846",2883,887
"2847",1552,304
"2848",5014,1194
"2849",2125,477
"2850",2324,646
"2851",10343,2954
"2852",2177,453
"2853",2272,574
"2854",4697,751
"2855",14029,3906
"2856",13455,2702
"2857",3978,1014
"2858",2829,810
"2859",3882,1151
"2860",3890,1239
"2861",3408,1189
"2862",2268,644
"2863",1963,369
"2864",1861,362
"2865",5117,1402
"2866",1976,469
"2867",1942,398
"2868",3679,1046
"2869",2677,642
"2870",1999,422
"2871",22365,4137
"2872",1589,313
"2873",1757,359
"2874",2319,627
"2875",1604,343
"2876",16200,3141
"2877",2511,560
"2878",10535,2257
"2879",2093,659
"2880",1610,305
"2881",7522,2611
"2882",5045,1540
"2883",2189,609
"2884",24347,3939
"2885",2189,567
"2886",4450,1423
"2887",1942,460
"2888",6261,1356
"2889",8676,2749
"2890",2518,598
"2891",3522,843
"2892",2842,751
"2893",4813,1057
"2894",2034,552
"2895",1765,384
"2896",1740,402
"2897",3482,963
"2898",1904,449
"2899",1771,367
"2900",2235,724
"2901",1658,375
"2902",3495,937
"2903",1974,484
"2904",9405,2034
"2905",9813,2398
"2906",2288,591
"2907",6191,1833
"2908",5005,1276
"2909",13239,2760
"2910",18258,3916
"2911",12442,2866
"2912",2094,629
"2913",2144,530
"2914",2489,710
"2915",7795,2223
"2916",3077,800
"2917",1498,353
"2918",5343,1482
"2919",1580,375
"2920",4372,1064
"2921",1937,479
"2922",3712,1057
"2923",3143,1146
"2924",1811,464
"2925",25651,5202
"2926",1601,348
"2927",3048,942
"2928",14095,3919
"2929",1590,357
"2930",1644,343
"2931",9339,2206
"2932",11136,2976
"2933",1664,326
"2934",13421,2943
"2935",2875,794
"2936",2128,578
"2937",3176,996
"2938",8519,2653
"2939",1718,348
"2940",1696,389
"2941",3647,1008
"2942",1563,318
"2943",3492,1043
"2944",11759,2658
"2945",2703,822
"2946",1697,364
"2947",1490,311
"2948",5569,1476
"2949",6497,1416
"2950",5477,1404
"2951",1469,309
"2952",1572,323
"2953",10617,2424
"2954",1972,428
"2955",8872,2811
"2956",4857,1412
"2957",29112,5333
"2958",2382,460
"2959",2791,795
"2960",3087,639
"2961",1601,399
"2962",4283,1283
"2963",13105,3076
"2964",1696,409
"2965",6324,1691
"2966",2593,704
"2967",7559,1705
"2968",26360,3801
"2969",1676,347
"2970",1522,312
"2971",1859,499
"2972",19889,3858
"2973",8015,1986
"2974",1490,306
"2975",3063,728
"2976",10757,2725
"2977",4662,1128
"2978",5522,1487
"2979",2388,514
"2980",12367,3488
"2981",6085,1996
"2982",2973,601
"2983",2686,757
"2984",1605,311
"2985",2961,866
"2986",2128,557
"2987",1892,538
"2988",2308,751
"2989",1931,480
"2990",1520,303
"2991",3337,986
"2992",1431,307
"2993",2854,834
"2994",2895,811
"2995",4681,1161
"2996",2473,752
"2997",2392,770
"2998",5451,1418
"2999",6187,1768
"3000",6904,1873
"3001",19912,4725
"3002",7879,1970
"3003",4897,1373
"3004",9574,2183
"3005",9958,2632
"3006",2637,832
"3007",8513,2129
"3008",1651,412
"3009",3787,1176
"3010",9984,2638
"3011",7901,2300
"3012",4048,1416
"3013",14100,3261
"3014",2676,664
"3015",2508,738
"3016",14131,3148
"3017",3840,1314
"3018",11277,2715
"3019",2126,742
"3020",1825,571
"3021",1446,334
"3022",3200,813
"3023",2482,726
"3024",7811,2540
"3025",1502,385
"3026",5498,1839
"3027",3179,1133
"3028",2534,863
"3029",4283,1432
"3030",2309,683
"3031",2371,739
"3032",2719,786
"3033",5714,1594
"3034",3722,1028
"3035",1679,450
"3036",17931,3619
"3037",7592,2146
"3038",7788,1831
"3039",2380,811
"3040",2273,667
"3041",6513,1778
"3042",11632,3459
"3043",2203,513
"3044",1463,353
"3045",1436,304
"3046",3080,857
"3047",1946,581
"3048",1850,542
"3049",2705,725
"3050",3297,1113
"3051",4299,1202
"3052",2187,773
"3053",2372,851
"3054",1435,445
"3055",1664,547
"3056",10449,2622
"3057",1289,374
"3058",29445,5427
"3059",1481,408
"3060",8348,2721
"3061",1639,432
"3062",13879,3661
"3063",2663,877
"3064",1583,477
"3065",1538,398
"3066",1896,445
"3067",3072,1071
"3068",2671,832
"3069",3009,717
"3070",3256,941
"3071",1530,419
"3072",3659,1322
"3073",12220,2737
"3074",14699,3585
"3075",3412,1005
"3076",1586,437
"3077",1311,314
"3078",13473,3059
"3079",2379,709
"3080",1336,336
"3081",2629,925
"3082",13014,3251
"3083",3888,1057
"3084",1545,356
"3085",4335,1341
"3086",1939,594
"3087",3576,1185
"3088",1404,315
"3089",1808,618
"3090",3082,1060
"3091",6898,1682
"3092",1312,306
"3093",8642,2107
"3094",1474,379
"3095",1345,336
"3096",3976,1312
"3097",2030,586
"3098",11354,2615
"3099",1896,505
"3100",1673,471
"3101",3050,1009
"3102",9774,3014
"3103",3562,1269
"3104",3582,1229
"3105",6068,1988
"3106",2089,635
"3107",11065,3327
"3108",7820,1978
"3109",14389,3728
"3110",1827,513
"3111",6194,1764
"3112",2287,799
"3113",1879,590
"3114",1285,311
"3115",6324,1872
"3116",1706,522
"3117",6175,1878
"3118",5277,1435
"3119",1740,473
"3120",10644,2455
"3121",25046,4958
"3122",1523,404
"3123",1369,356
"3124",7506,2427
"3125",2835,988
"3126",1561,487
"3127",4174,1275
"3128",1349,394
"3129",1785,582
"3130",6725,2057
"3131",10801,2902
"3132",1334,319
"3133",7738,1913
"3134",1442,429
"3135",1236,308
"3136",52122,6781
"3137",1466,441
"3138",8861,2786
"3139",12627,3637
"3140",3693,1176
"3141",4982,1625
"3142",1513,422
"3143",7233,2064
"3144",25426,4616
"3145",4833,1708
"3146",1882,595
"3147",2107,695
"3148",5263,1645
"3149",25985,3799
"3150",11542,431
"3151",11809,791
"3152",11474,732
"3153",23154,3978
"3154",12409,1189
"3155",11144,696
"3156",21328,2609
"3157",10653,398
"3158",10475,520
"3159",10551,576
"3160",9994,561
"3161",16933,2406
"3162",13104,1523
"3163",21197,3302
"3164",8927,584
"3165",10886,876
"3166",29715,4331
"3167",8916,352
"3168",9131,584
"3169",8420,435
"3170",10050,1063
"3171",8452,329
"3172",9869,948
"3173",9335,795
"3174",8793,743
"3175",9957,1015
"3176",7265,313
"3177",9556,969
"3178",7618,364
"3179",10181,1296
"3180",28189,3750
"3181",7980,727
"3182",14980,2742
"3183",17419,2580
"3184",7189,484
"3185",6653,386
"3186",11072,1959
"3187",8294,1032
"3188",6426,321
"3189",6994,506
"3190",28862,3689
"3191",11155,1481
"3192",6412,572
"3193",6061,438
"3194",7307,992
"3195",5753,307
"3196",7717,1045
"3197",11828,1982
"3198",5861,432
"3199",22182,3938
"3200",5854,691
"3201",4953,307
"3202",4626,363
"3203",10895,2145
"3204",5119,620
"3205",7688,1315
"3206",4283,323
"3207",4940,636
"3208",4125,337
"3209",4389,578
"3210",4314,390
"3211",4206,474
"3212",3951,364
"3213",12912,2500
"3214",16920,2998
"3215",14270,2440
"3216",6365,1322
"3217",6948,1559
"3218",3371,335
"3219",9697,2268
"3220",3751,412
"3221",16265,3482
"3222",5543,1310
"3223",4684,834
"3224",16286,3948
"3225",3911,468
"3226",3442,500
"3227",3691,431
"3228",4879,860
"3229",3865,588
"3230",17816,3360
"3231",14276,2633
"3232",5028,1026
"3233",3848,608
"3234",4339,867
"3235",3248,331
"3236",37262,5428
"3237",4234,572
"3238",7745,1532
"3239",3600,568
"3240",13870,2906
"3241",3189,446
"3242",4710,911
"3243",7307,1607
"3244",4353,865
"3245",3929,922
"3246",3728,713
"3247",6967,1707
"3248",33404,5506
"3249",6298,1445
"3250",21517,4483
"3251",5300,1349
"3252",14456,2871
"3253",3068,415
"3254",3963,796
"3255",15556,3323
"3256",9160,2491
"3257",43900,6763
"3258",3347,626
"3259",2923,452
"3260",5119,1217
"3261",3335,522
"3262",14790,3235
"3263",2671,469
"3264",7404,1840
"3265",17427,3962
"3266",7943,1950
"3267",2693,427
"3268",9964,2096
"3269",2882,316
"3270",3540,711
"3271",6772,1256
"3272",7215,1886
"3273",2657,314
"3274",2890,411
"3275",16026,3780
"3276",8598,1748
"3277",7507,2074
"3278",6931,1418
"3279",2743,331
"3280",4303,881
"3281",4201,794
"3282",6827,1917
"3283",19446,3563
"3284",3237,733
"3285",4574,956
"3286",9325,2054
"3287",2717,434
"3288",5744,1260
"3289",2584,408
"3290",4052,1006
"3291",2806,442
"3292",4637,1086
"3293",4408,793
"3294",5303,1360
"3295",4260,989
"3296",4604,1050
"3297",4033,912
"3298",2698,388
"3299",3447,791
"3300",14434,3066
"3301",2960,489
"3302",13426,2477
"3303",13533,2925
"3304",2985,558
"3305",2519,353
"3306",3199,608
"3307",4493,1184
"3308",19025,3800
"3309",11465,2527
"3310",3154,639
"3311",17091,3866
"3312",6227,1423
"3313",2398,362
"3314",53318,7284
"3315",13964,2614
"3316",6223,1566
"3317",3101,742
"3318",2486,412
"3319",2596,460
"3320",3550,745
"3321",4222,993
"3322",4236,938
"3323",2468,352
"3324",4281,1281
"3325",7093,1552
"3326",3058,532
"3327",25136,4339
"3328",3612,822
"3329",3333,757
"3330",11386,2272
"3331",2522,375
"3332",9775,2556
"3333",2447,378
"3334",14300,2843
"3335",2774,499
"3336",3028,597
"3337",3682,1048
"3338",3802,705
"3339",3351,793
"3340",8102,2227
"3341",6248,1377
"3342",3139,801
"3343",2335,347
